Song ID,Song Length,Song Score,Song Genre,Artist Hash,Title Hash
eOYnD0jAu20,246,0,0,957205533,-1182458712
kTsIIiV20o0,233,0,0,957205533,-1566811627
bp8i5E2jXPE,231,0,0,957205533,-615734449
IGrhyOtikQ0,282,0,0,-1455777126,-1552810436
EBhFHJMVfiI,382,0,0,957205533,977234782
l0GN40EL1VU,243,0,0,957205533,-1807340593
8OkT5HyumQ4,620,0,0,957205533,653357771
hJqYc62NCKo,196,0,0,-78851028,660314766
oJuGlqO85YI,206,0,0,-1135512365,738080928
B7xai5u_tnk,291,0,0,902047229,1972263044
r2i74gg03GI,146,0,0,957205533,284500901
07rtl-zcQhg,330,0,0,957205533,1545426755
x8HfLPjE3Rs,191,0,0,957205533,1296776709
tOfU-6f2zhI,406,0,0,957205533,-842672472
s52QvqaEinw,208,0,0,-1900420200,-249489881
oGxQNQtnr6Q,178,0,0,957205533,-981258731
Ex5DD1PuhrY,280,0,0,957205533,-1075911680
kpz8lpoLvrA,244,0,0,957205533,202073054
m-M1AtrxztU,269,0,0,412375063,1664099657
gxEPV4kolz0,342,0,0,-1082047750,-1109685821
RwbIvPO9-8g,284,0,0,957205533,1452059869
GjWMbN5xEh4,160,0,0,1763082854,-574452901
YQRHrco73g4,194,0,0,807353778,1058910944
n89SKAymNfA,345,0,7,957205533,-359285760
3sfY1lRkEVA,192,0,0,957205533,-1319066983
-J9FuvPmMoI,538,0,0,957205533,-1887577125
Y8OcmKITqUw,273,0,0,957205533,1718650457
7maJOI3QMu0,210,0,0,957205533,-1589119021
C0AF46uMwzA,125,0,0,957205533,1147657378
E4KdU-O6fq4,402,0,0,957205533,-2113058755
VG5uO6B1S3E,306,0,0,957205533,1005418123
cLX797pjoIc,334,0,0,957205533,63350957
L7kF4MXXCoA,215,0,0,957205533,-1522521937
1VHT2Sp_KQU,11,0,0,957205533,-386599013
saDmN2f3HI0,340,0,0,957205533,-206162783
VcQIpQB4Fiw,259,0,0,957205533,770273996
m4sx9I7R9S4,343,0,0,957205533,-967009699
bCM3clq-_c0,462,0,0,957205533,-1168166184
MgNItWdfEIU,411,0,0,957205533,319466498
PDSkFeMVNFs,293,0,0,764103721,648587017
MtLHwqbE1eI,132,0,0,957205533,808194633
UWrU7EbzA_8,303,0,0,957205533,372371948
BuJpp3ADMa0,320,0,0,957205533,1802354556
urxeNbBc1nk,172,0,0,957205533,-5655652
XMJqkkgWitA,225,0,0,-106765371,2342259
mhpRipG9Zss,171,0,0,957205533,-1474842999
YLeid-bIRQA,52,0,0,957205533,1424588445
kK81m-A3qpU,196,0,0,957205533,-1944955801
iPcX6EpJI3o,236,0,0,957205533,80239894
pB-5XG-DbAA,210,0,0,957205533,1250490507
31crA53Dgu0,218,0,0,83115,312394224
aJOTlE1K90k,271,0,0,315601061,-592765862
lY2yjAdbvdQ,257,0,0,1070945529,1628987703
DDWKuo3gXMQ,343,0,0,63108475,-989671088
tdiT57zPx3M,172,0,0,957205533,-87655573
-tKVN2mAKRI,293,0,0,957205533,173303234
PNpeJCp1QMU,366,0,0,957205533,-1025040988
tH6HCQbqoCU,216,0,0,957205533,-971413848
60XUgHQo71Q,200,0,0,957205533,-1291635609
KRUkbAGEjKw,233,0,0,711876548,83729846
sU8rlnKGG8Q,316,0,0,957205533,1610536811
yWP5JsA_Rms,275,0,0,957205533,1050631705
2Vv-BfVoq4g,280,0,0,-1668770871,985815021
1eaOdePV2Tc,301,0,0,957205533,107364674
lWbhobTJ1YM,219,0,0,957205533,1303560290
zBsXoalh5_k,225,0,0,957205533,1679749119
iyIhP5_JcOA,181,0,0,957205533,-1874518336
GKSRyLdjsPA,352,0,0,83115,-56960280
v_1bJfzCFsU,202,0,0,957205533,-967868016
aJxrX42WcjQ,289,0,0,957205533,2146504919
RBumgq5yVrA,255,0,0,957205533,-1726824135
Il6yRSrgHeQ,212,0,0,957205533,1450187238
DwKQHdsEzd4,285,0,0,957205533,1498464723
jI8YraI4CP0,217,0,0,957205533,975134213
GE6zXADYy3A,218,0,0,2021390317,-1368827775
VPRjCeoBqrI,254,0,0,-574387144,1872557099
dOZ9NSo1azY,173,0,0,957205533,991827484
yS_ZVXMNYBQ,276,0,0,957205533,-323255224
m-PJmmvyP10,223,0,0,-461170754,-1712543704
6RLLOEzdxsM,221,0,0,-461170754,-1756188477
6tkaatkbC2Y,197,0,0,1742923088,-991460194
OpQFFLBMEPI,243,0,0,2418510,-443314410
bsPDQVdAkiQ,166,0,0,957205533,1884328809
YbYJKGWrG7U,282,0,0,244714524,-1269256543
7JJfJgyHYwU,196,0,0,-1846717262,879849310
UhemfATfVRc,288,0,0,-569501106,2092671
SItIaWAjI_4,235,0,0,957205533,67759792
L2NhfzcVmBA,266,0,0,71402667,1157883729
RNOTF-znQyw,189,0,0,-350873301,-2028907924
twbZII_djEo,1383,0,0,2020728578,1481948548
SCD2tB1qILc,271,0,0,957205533,-1029207867
AMvBdD_DHR8,190,0,0,2021390317,1964277295
-6NQZHyJYO8,249,0,0,957205533,-1211625832
fgxo-EBuScc,246,0,0,957205533,1279747035
uXt04p5XOV4,332,0,0,957205533,1740914780
R5-Yl48DsOc,194,0,0,1063584006,-2054646954
EkHTsc9PU2A,222,0,0,583031011,1026894202
y4nNtkBXJ0k,263,0,0,957205533,859702215
HjmBLCbTgDo,238,0,0,-134897004,1962126291
EBWKqtf-7tQ,254,0,0,957205533,-1786169891
Lw99gXKFNIQ,172,0,0,957205533,-1544487750
h52717Bo118,174,0,0,957205533,-279364720
ojF77_FXjlg,301,0,0,957205533,-1914799192
Osty6hg2WQ4,255,0,0,957205533,-191968598
qY3ZSjCG70E,283,0,0,957205533,79149160
tu0wikRvrGc,219,0,0,957205533,1045904455
9AhfkcQOH3U,158,0,0,957205533,-572410497
U9pGr6KMdyg,222,0,0,957205533,1075207059
450p7goxZqg,308,0,0,-122064702,107364674
yO28Z5_Eyls,246,0,0,957205533,-74039104
8LRR3duJw-I,61,0,0,957205533,78845737
8iuLXODzL04,264,0,0,957205533,1225894620
JWdZEumNRmI,231,0,0,1242314949,1980759306
un5jZH5n-qE,262,0,0,957205533,-43835851
9XIqJue35DE,188,0,0,957205533,85
atPenPe6IhA,240,0,0,957205533,2026591390
n2cJxvYS4uk,90,0,0,957205533,-1526607768
nSbhUCM5Z6s,304,0,0,957205533,1320463644
t8BgXCWYYMk,205,0,0,64841,-1620884019
elfAyK3JyPM,205,0,0,1063584006,-508369
1yHqvlcJHss,195,0,0,1063584006,-245034858
rZAHmFvIico,205,0,0,1063584006,-1981778725
4mWvuqrWRiM,224,0,0,1063584006,1403053953
oH95nZ7EeQo,226,0,0,1063584006,108085184
amOSaNX7KJg,217,0,0,-1376432980,-273382709
SAxg5g2KGpc,171,0,0,1063584006,-59034651
_pGaz_qN0cw,176,0,0,957205533,-956976573
lgh68Swuak0,377,0,0,957205533,1835336698
Il-an3K9pjg,195,0,0,-1898378607,1537216
4N3N1MlvVc4,201,0,0,957205533,1816730800
SYi4eayxSqI,213,0,0,957205533,220291568
dvgZkm1xWPE,243,0,0,-574387144,-952895271
CS9OO0S5w2k,242,0,0,569267395,-1323088624
kTHNpusq654,284,0,0,226400799,874562281
ZaflNU45bVY,196,0,0,957205533,2014833484
VuNIsY6JdUw,229,0,0,-921402410,363572146
ZSM3w1v-A_Y,189,0,0,1956345122,-1099519694
DUT5rEU6pqM,219,0,0,-576300391,875651200
AWpsOqh8q0M,305,0,0,1452406907,467544136
unfzfe8f9NI,211,0,0,2033728,978680850
qeMFqkcPYcg,215,0,0,267123232,-1104133056
PIb6AZdTr-A,267,0,0,88187904,862509863
4fndeDfaWCg,220,0,0,1887717085,-589650638
eH3giaIzONA,315,0,0,-1401585836,-411819613
4N1iwQxiHrs,253,0,0,-198108805,-2011839681
zB1Q-PfUvN0,285,0,0,948113355,93418874
izGwDsrQ1eQ,301,0,0,-925550874,-964230772
hwZNL7QVJjE,178,0,0,957205533,-1400874729
btPJPFnesV4,245,0,0,-1535938282,1647764182
kVpv8-5XWOI,218,0,0,81068520,-1815060095
qrO4YZeyl0I,309,0,0,-621728566,-1895721532
psuRGfAaju4,233,0,0,1605420231,1723967419
uSD4vsh1zDA,292,0,0,-1980829756,-743207042
L_jWHffIx5E,237,0,0,957205533,1803760049
djV11Xbc914,244,0,0,2936293,-286737732
kffacxfA7G4,220,0,0,-1874518336,-955952075
5NPBIwQyPWE,254,0,0,-2068701994,-2125954679
ECyeUYsU14E,182,0,0,957205533,528898484
qHm9MG9xw1o,233,0,0,1406468802,-660136029
pRpeEdMmmQ0,211,0,0,-576300391,-2092922848
F57P9C4SAW4,234,0,0,226400799,-1069291207
Lgs9QUtWc3M,176,0,0,1603479934,1511651866
6g6g2mvItp4,214,0,0,315601061,-1990026283
LjhCEhWiKXk,237,0,0,-175052721,-1335750177
QGJuMBdaqIw,234,0,0,226400799,-498067865
rYEDA3JcQqw,234,0,0,63108475,-235525509
yKNxeF4KMsY,273,0,0,-574387144,-1650372460
KlyXNRrsk4A,485,0,0,226400799,245694273
dGghkjpNCQ8,247,0,0,1358135766,1862362190
2ggzxInyzVE,203,0,0,-1769694850,-1680570545
QJO3ROT-A4E,207,0,0,1849614853,-142972263
hLQl3WQQoQ0,285,0,0,63108475,-589379676
1G4isv_Fylg,261,0,0,-574387144,1235805591
rtOvBOTyX00,288,0,0,-234794381,1498464723
JRfuAukYTKg,246,0,0,-1874280266,-1774062368
Sv6dMFF_yts,253,0,0,957205533,-2030497210
fWNaR-rxAic,200,0,0,319114864,389369666
1zfzka5VwRc,216,0,0,-821899764,282907304
SeIJmciN8mo,262,0,0,1054499457,1281656232
KRaWnd3LJfs,280,0,0,315601061,1454534122
H7HmzwI67ec,208,0,0,-1535953117,-973061040
hRXb7K7k7bQ,249,0,0,957205533,-1819685218
qM1YMeDsc-M,221,0,0,1605420231,1459434106
Soa3gO7tL-c,288,0,0,-225620801,-784768460
IxxstCcJlsc,276,0,0,2781451,29226353
F90Cw4l-8NY,233,0,0,-1642374948,1267787011
uJ_1HMAGb4k,205,0,0,957205533,1819380807
2zNSgSzhBfM,424,0,0,957205533,-1697416190
vGJTaP6anOU,181,0,0,1123021481,-377334408
47dtFZ8CFo8,227,0,0,-1283115711,540011667
QUQsqBqxoR4,238,0,0,957205533,64445536
hT_nvWreIhg,284,0,0,1406468802,-1368405388
nlcIKh6sBtc,201,0,0,73607152,-779210305
4Ba_qTPA4Ds,174,0,0,2368665,-1776693134
o_v9MY_FMcw,373,0,0,1849614853,1407393325
IcrbM1l_BoI,273,0,0,1973096847,-1210239801
CevxZvSJLk8,270,0,0,226400799,2552654
hHUbLv4ThOo,215,0,0,1102075150,1141612524
xLfm2nnCOpc,603,0,0,957205533,235758764
PIh2xe4jnpk,226,0,0,-2028306380,2558500
0KSOMA3QBU0,225,0,0,226400799,-2093771349
W9Sp8fXtJmg,250,0,0,957205533,448515862
PVjiKRfKpPI,257,0,0,-2127418941,-913078947
2vjPBrBU-TM,232,0,0,83115,-223626019
iS1g8G_njx8,208,0,0,-428327635,1355111039
L8eRzOYhLuw,248,0,0,-870391555,-1648056930
6JCLY0Rlx6Q,247,0,0,-1092472345,-186996303
UtF6Jej8yb4,191,0,0,1973096847,-2020188630
5XR7naZ_zZA,264,0,0,-1736052257,-1079904295
X_EKsENFLI0,261,0,0,957205533,77692
qV5lzRHrGeg,209,0,0,319114864,-884411660
YqeW9_5kURI,179,0,0,957205533,1715239129
RgKAFK5djSk,238,0,0,-1492149468,110500211
fXnRf3TQcpk,198,0,0,-527059663,191588385
jGflUbPQfW8,190,0,0,957205533,-48896906
DzwkcbTQ7ZE,233,0,0,-1330679359,810391366
pXRviuL6vMY,226,0,0,957205533,-583759727
xo1VInw-SKc,206,0,0,1595210217,-1390143643
MkElfR_NPBI,226,0,0,505720370,590662156
Tw8mpgccugc,223,0,0,216580833,-1084941965
VbfpW0pbvaU,240,0,0,1070945529,1611823423
cHHLHGNpCSA,231,0,0,1973096847,2082336060
tD4HCZe-tew,202,0,0,1916801234,-184145858
54ItEmCnP80,321,0,0,-213660273,65291708
QAo_Ycocl1E,296,0,0,957205533,1958594202
Jwgf3wmiA04,192,0,0,1849614853,604404574
DK_0jXPuIr0,298,0,0,-1874518336,1681211424
BxuY9FET9Y4,242,0,0,1248065383,1706455574
vWaRiD5ym74,258,0,0,2102892,-380954450
fRh_vgS2dFE,206,0,0,-1874518336,219001598
YQHsXMglC9A,367,0,0,63108475,69609650
oyEuk8j8imI,273,0,0,-1874518336,-1960961299
u9Dg-g7t2l4,260,0,0,606675234,-264883432
YykjpeuMNEk,261,0,0,-574387144,-696712973
rY-FJvRqK0E,198,0,0,-1545461501,1684717407
HL1UzIK-flA,455,0,0,-1429003503,128736617
Io0fBr1XBUA,218,0,0,2024414622,-1116616806
ru0K8uYEZWw,286,0,0,957205533,1499081250
kOkQ4T5WO9E,240,0,0,1358135766,447328105
MWASeaYuHZo,311,0,0,-1001632101,-770323621
Y6AcAeuMcHY,421,0,0,957205533,-356732720
3AtDnEC4zak,231,0,0,1248065383,2084007631
RnBT9uUYb1w,206,0,0,-1890178544,-409562992
nBtDsQ4fhXY,185,0,0,957205533,-244991781
0zGcUoRlhmw,247,0,0,2024414622,-684344658
JGwWNGJdvx8,264,0,0,-1668770871,-990185547
PMivT7MJ41M,211,0,0,-175052721,-1975247925
aatr_2MstrI,246,0,0,412375063,1865353019
wCQfkEkePx8,194,0,0,957205533,-316598037
yWEK4v9AVKQ,214,0,0,-1949693990,2587257
dT2owtxkU8k,238,0,0,1070945529,-1302355569
HCjNJDNzw8Y,219,0,0,-1852998531,443400636
BQ_0QLL2gqI,183,0,0,976020325,-1807274004
cH4E_t3m3xM,213,0,0,1164146224,-1698386256
cE0wfjsybIQ,193,0,0,-910619089,-997189010
EDt3rQxb_mU,192,0,0,957205533,1316100849
IPXIgEAGe4U,197,0,0,-2073987852,144723641
veJlefvVkPI,220,0,0,957205533,-1617836172
1kehqCLudyg,193,0,0,957205533,990646536
hdonNbzHHXE,216,0,0,-1229617729,-461170754
Dkk9gvTmCXY,211,0,0,-921402410,1211671495
Pkh8UtuejGw,206,0,0,-1175246358,778598004
H9r597vJbSQ,279,0,0,957205533,1422119650
aXzVF3XeS8M,241,0,0,-921402410,-881007929
CUr_UwUUXzU,221,0,0,-921402410,594241588
aYIAynSM7ZI,167,0,0,957205533,1755957472
9boiT64sm0Q,232,0,0,-921402410,1368102449
TqAollrUJdA,221,0,0,-921402410,-334574972
zJFcr1KyFqE,195,0,0,-921402410,584904906
KkoYE39Fh0g,237,0,0,957205533,-1863222534
ClhRye4gazU,253,0,0,957205533,-357996763
ZAfAud_M_mg,237,0,0,-2140755692,682051632
kfVsfOSbJY0,228,0,0,957205533,2112549247
gOsM-DYAEhY,220,0,0,-1663560266,-106894859
fQL71vm_dAc,192,0,0,1063584006,1224270807
QyFq__OOwb4,194,0,0,1063584006,-1106877320
smjEcaxl7gI,114,1,0,1063584006,960318711
Ifntf8YKYII,202,0,0,1063584006,-641667389
XeWmnTO6CJ8,185,0,0,1063584006,882705338
ILSGmLJQ9vw,200,0,0,1063584006,590168590
9AYod7zIKTI,194,0,0,1063584006,245010775
8SWjPIS8hos,215,0,0,1063584006,490026377
aBYuUoQFuec,184,0,0,1063584006,-1090039218
esFKWcr58hY,196,0,0,1063584006,-191907083
KDVYD6EspZ0,216,0,0,1063584006,-1807305034
M-D6NTkhsZE,218,0,0,1063584006,1562944100
VM7QbrxERRc,205,0,0,1063584006,1727969359
vHhqgMyGjpY,198,0,0,1063584006,-584360005
2-QegqBAc7E,182,0,0,1063584006,232629806
PWDDh3DEGyI,195,0,0,1063584006,2011259205
wUzIQzmbMyQ,192,0,0,1063584006,-1908966401
cx10S0qcLZc,213,0,0,1063584006,871863253
MYjO8w0v4CE,210,0,0,1063584006,837303092
iN38_wkB144,191,0,0,1063584006,349622396
kSbLY2mNE2Y,220,0,0,1063584006,326843061
5ArbQXWxlR8,182,0,0,1063584006,2026225488
ShIvezWMOzQ,186,0,0,1063584006,1333499432
sguE-OB9qSU,184,0,0,1063584006,1034049111
Oj6wJHbIj8Y,198,0,0,1063584006,-383272451
TUnWP8t6r8k,183,0,0,1063584006,251182773
TB0w-W5cTb8,108,0,0,1063584006,-495715635
qiOF5bLG9SQ,81,0,0,1063584006,-1359041494
2hPuAbRgRbw,192,0,0,1063584006,-894533078
qoXtBnwcw9w,214,0,0,1063584006,-668260271
v2ZfXZHe0bY,155,0,0,1063584006,2067832339
KiNOOL1Pvr0,101,0,0,1063584006,2569133
1SpIHxGJkqU,201,0,0,1063584006,-187747708
cdn4Oh2w6aA,126,0,0,1063584006,1244052107
rXSH7oXxvYQ,186,0,0,1063584006,-723556868
eaebnxIbJGc,202,0,0,1063584006,612000257
hq-_yM-T7HQ,193,0,0,1063584006,942730896
mdPGfVS4s0o,157,0,0,1063584006,1575180588
yZwWE_brqUs,165,0,0,1063584006,-1978736476
75j8tprxCFw,179,0,0,1063584006,871196842
fgvn2mfxyMo,179,0,0,1063584006,-1166273588
LRB3lMOlh4I,205,0,0,1063584006,2255420
R_MvjC71mJE,207,0,0,1063584006,7161468
eSV9ahiOX4g,192,0,0,1063584006,576739180
BTncmTaS9Jw,195,0,0,1063584006,865935996
G1_vWI5wuo4,200,0,0,1063584006,544967555
-PdbpHhARM8,186,0,0,1063584006,-1698569694
JFbKgSNgL4Q,185,0,0,1063584006,742790340
sbfkRJNYrnc,214,0,0,1063584006,923961709
b24ALjuvR3M,216,0,0,1063584006,-190797309
8Qp2e6TeSug,180,0,0,1063584006,1910621619
V2pguK_aqJE,185,0,0,1063584006,276594528
vxbKw5JgmTM,199,0,0,1063584006,-400934808
hRIf_zpL0Gg,168,0,0,1063584006,-1755843021
_xlXdMKD3dY,213,0,0,1063584006,65834
FQvak0ZpfBA,193,0,0,1063584006,-1154540753
QE7i8bH40GQ,103,0,0,1063584006,88421924
nlv2AKwENFw,191,0,0,1063584006,68778607
LS18kZR1X5I,206,0,0,1063584006,-1411353059
292YKmigvR4,223,0,0,1063584006,2088962727
jjWL0JLM8lU,198,0,0,1063584006,2101367007
fkjGePbm0PE,189,0,0,1063584006,1148933613
G72j-DVmtm0,186,0,0,1063584006,-76082293
CZ-MQUuTBRU,223,0,0,1063584006,393412999
V40EjCjP3VU,235,0,0,1063584006,-658755162
MPv1iC1H8is,196,0,0,1063584006,297830170
d9-GoLvE4LQ,240,0,0,1063584006,-124226290
F5PTccyg3zM,222,0,0,1063584006,-931903897
5ssN6hv5Mo0,179,0,0,1063584006,617862277
5g87QRZyaP8,196,0,0,1063584006,-1222336074
Cop4T3qzsCA,181,0,0,1063584006,2585
sIc9zGLmLjU,177,0,0,1063584006,1467141459
VrPjRrT7j7A,201,0,0,1063584006,1879917243
jpFto_hUe3U,191,0,0,1063584006,-939908496
N9iC3Ut86K0,171,0,0,1063584006,77694213
esPPx3VcnfA,142,0,0,1063584006,-1212520496
eg5sRQNEwtg,215,0,0,1063584006,2374546
yitRL7K2Pgw,204,0,0,1063584006,-2071483383
yVW6cG5qVus,218,0,0,1063584006,-618207063
hSwa13Wjxzw,184,0,0,1063584006,1901405403
6AVIc5Hb81Y,190,0,0,1063584006,1369416443
olCM-V5fsJU,187,0,0,1063584006,677632538
jH1RNk8954Q,163,0,0,1027048912,346633191
MSepOYJxB64,90,0,0,957205533,-1842694038
w_vk7UwFBhc,69,0,0,957205533,-536548625
ibUOxEBxVsE,209,0,0,957205533,-1668791157
JZNy6eHw3FA,204,0,0,957205533,243350454
_3ngiSxVCBs,216,0,0,957205533,-1805740532
AhGMZVnfmeU,251,0,0,957205533,-522392464
c_H3MWVx6JU,598,0,0,957205533,1385974514
lKbP29lbcAg,235,0,0,957205533,1542108677
6D3oA8XTE2o,278,0,0,957205533,-1625200324
rgLgPTXdR4M,207,0,0,957205533,-1513133176
y1LIsrFdEuU,971,0,0,-1310028029,427617693
I47cB9WHqsI,261,0,0,-436765642,1091717933
96YaOyAAXAg,174,0,0,66866351,1400369310
5_E_y1AWAfc,124,0,0,-1990030360,-1536765035
8wSYwqbp4S4,88,0,0,-1990030360,-501064644
yWjavxcGfqM,113,0,0,-1990030360,1274050542
WgRfPc1lfJk,285,0,0,-1990030360,657832148
Gu8A8uWAJaA,152,0,0,-1316055237,-1307044277
J0GwWix72Q0,177,0,0,2099641,-2111647048
iP0x6Zx67VE,182,0,0,2099641,-996611260
RUnvkHZwDg4,179,0,0,-34470631,1485490169
cRIfsFefatg,242,0,0,97808317,-23140601
68ugkg9RePc,220,0,0,1990122791,2082095345
V4kWpi2HnPU,183,0,0,-401819875,595564767
3D3eoZEdLjw,183,0,0,2099641,-519337207
gmSGmgffLXI,215,0,0,2099641,-244989772
j-2DGYNXRx0,170,0,0,902047229,-1418801326
gHgv19ip-0c,205,0,0,-1491005437,-1081009189
DT61L8hbbJ4,248,0,0,902047229,173060444
Gc3tqnhmf5U,212,0,0,902047229,-990465641
kL8CyVqzmkc,196,0,0,902047229,1916035226
KR-eV7fHNbM,235,0,0,902047229,1084761345
Ic-gZlPFTkQ,264,0,0,902047229,1743307634
2Ax_EIb1zks,236,0,0,902047229,1255819354
jqkPqfOFmbY,232,0,0,902047229,-1051023453
eNCWglMv7zU,213,0,0,1392792498,902047229
QD_4hq1bRyg,423,0,0,2225375,540200805
84s4B2AVTEE,96,0,0,-1632376078,1244408598
GPMq_PxMTUI,132,0,0,-123895885,1827114183
RmerksTdcuU,156,0,0,-1402868484,1940958378
w0AOGeqOnFY,215,0,0,-1717060805,215717510
QH2-TGUlwu4,217,0,0,1393651438,1379812394
q6EoRBvdVPQ,10,0,0,1099846008,88761
cGmmjp5kMDk,182,0,0,1063584006,-349233872
wJnBTPUQS5A,207,0,0,-461170754,2139621149
1-xGerv5FOk,164,0,0,-461170754,63356475
60ItHLz5WEA,213,0,0,-461170754,67635528
2i2khp_npdE,192,0,0,-461170754,-353799575
0-ukDKVxNWg,278,0,0,-1160908736,-161101355
IvUU8joBb1Q,273,0,0,981422274,-1073689689
41YOknSl0zw,63,0,0,-1990030360,-910838127
I-sH53vXP2A,288,0,0,-1070524088,-918601466
Kwwl9jiJ1A4,391,0,0,-1070524088,-1769921797
Lyu7-Jcyl_8,337,0,0,-1070524088,-1702623411
9uwEAugeH8w,47,0,0,-1990030360,-218124288
k2rDbRUDkds,276,0,0,-1070524088,661847520
UiKOf4jNbm8,245,0,0,-1931648798,72535844
ytWz0qVvBZ0,249,0,0,1207786181,-1784614290
fcuWKpyUGHo,228,0,0,1207786181,-1828961341
NCMJnTBZfeE,198,0,0,-1856057932,1401887112
vIhs8_m5qPc,143,0,0,1685249247,-1252808832
oM5q12TZm-w,212,0,0,1219196878,-631163353
YqrxIimmiqs,181,0,0,902047229,466573034
ABuexNuzUro,219,0,0,-1717620697,-1480136857
PL-uPCeXRzM,194,0,0,902047229,-439866051
OJdG8wsU8cw,183,0,0,-1638818840,-710655265
JhKyKEDxo8Q,199,0,0,1493521733,-528799873
ZXHO4AN_49Q,100,0,0,-333865828,-2065000069
yuidCMuUFJQ,248,0,0,78603607,1063813552
lpQQ_o8DlGI,258,0,0,902047229,-1505176374
7B0gg58y02A,241,0,0,1685249247,-1190092023
AhD6qHCADUQ,197,0,0,78603607,662160646
pF843ZbQWn4,217,0,0,-1577528593,2057730024
jFHGx8vkk1o,204,0,0,904189078,49068039
ign_vZupjno,239,0,0,78603607,1156156513
D9e4jM8STdo,261,0,0,-265871639,1736915787
k6oJj0ZyLKc,259,0,0,904189078,1821658318
yp6zpUnwCo0,225,0,0,407889748,1434629788
PFr12GdAZ_0,286,0,0,74,145095427
BS5HCi-zsYE,211,0,0,78603607,-778302382
DUxqmauvvug,231,0,0,-486103512,969535381
QJYBFkV0Kas,266,0,0,904189078,140373892
8e39SR4YvCw,191,0,0,1302356092,1379812394
3V7wWemZ_cs,276,0,0,-1324982885,-1757420283
n8X9_MgEdCg,249,0,0,902047229,81880917
rH7eX8c_bC8,178,0,0,78603607,-1158162936
4L7o_Syx49U,227,0,0,-333865828,-190174515
eQlsmfirpbA,249,0,0,-436765642,-174237094
3Xt40GQjdf4,229,0,0,1277013876,1966736176
FR7wOGyAzpw,269,0,0,383906181,1222488045
ma_ZJjeKXrk,195,0,0,2097162793,1987167653
wN2ioal3qjk,140,0,0,-1309547909,812841282
L4bZRIwI-QA,181,0,0,1658009953,-198761414
eq1FIvUHtt0,149,0,0,78603607,-1413794825
UwxatzcYf9Q,310,0,0,986665858,112590977
QDvvt1kmL1Q,187,0,0,-492774783,84204257
26lLZSKE6qc,163,0,0,80999084,1664094687
8YXPucedPzs,219,0,0,1773440534,-1240264062
A67ZkAd1wmI,179,0,0,-1505246381,-1425489616
t_4bCpuELMw,248,0,0,78603607,-1745688947
IIrCDAV3EgI,199,0,0,-1188816950,1917238526
p7ZsBPK656s,210,0,0,-1188816950,1854667430
TW9d8vYrVFQ,238,0,0,-1188816950,-451980697
__CRWE-L45k,292,0,0,-1188816950,-1933063488
EP625xQIGzs,286,0,0,-1188816950,-533523052
VtKbiyyVZks,276,0,0,-1188816950,159046798
feA64wXhbjo,232,0,0,813959149,-1327572952
hQdOIwPjzMw,262,0,0,78603607,-1337211259
LTosB6V_V24,271,0,0,-1871523432,1792945273
zNTaVTMoNTk,256,0,0,-1246909055,1877031100
mpkf_p71rKY,165,0,0,-1246909055,-463336392
O2yPnnDfqpw,168,0,0,-1246909055,-1927341546
EQ94zflNqn4,449,0,0,764103721,1288494395
9bZkp7q19f0,253,0,0,79542,-1821747872
0QNgUdJDfZ0,216,0,0,1123879516,-280091311
hVmpCXzdFrQ,251,0,0,323560045,-462352882
BhHoNe7ma0Q,176,0,0,-265871639,184046593
0jEm6owSKFU,192,0,0,-1246909055,1201351836
V0HCZ4YGqbw,192,0,0,-1246909055,-1240311195
9mjfatUB6Ek,253,0,0,-1311500723,-1696838118
QIzoFBNgZbI,166,0,0,-2140847459,1587182732
6okxuiiHx2w,151,0,0,-290089080,-2041837526
kJQP7kiw5Fk,282,0,0,-494536722,-927229179
rNzTRCT8Sw4,179,0,0,-1406549251,1379812394
MtN1YnoL46Q,192,0,0,-12661441,-1271740659
kFduy8qQIOg,191,0,0,170091337,-1790285858
HWG3s0bvDYg,388,0,0,877063143,1194248282
01Wpsc5-jxw,156,0,0,1032966545,1375892806
SlZzuIfCiIs,159,0,0,1032966545,-403076886
QP67qlXfz2g,249,0,0,-2058237028,-1848668167
1k8craCGpgs,251,0,0,245188512,1997351491
lqYQXIt4SpA,240,0,0,-461170754,68065995
t3s7YBwcw3g,125,0,0,2135889059,-601206597
C-u5WLJ9Yk4,237,0,0,-775643149,865868962
K0tXhd7u56k,76,0,0,2032431660,-1637613373
C-CG5w4YwOI,177,0,0,53116593,1932737209
IJNR2EpS0jw,182,0,0,-1127999939,1379812394
57c94il3Eng,192,0,0,-775968605,-197404165
thFFCc7H9EI,249,0,0,-775968605,-1387924111
-HLosAIeYu0,262,0,0,930814537,1901463606
w-K0kKBmulQ,104,0,0,930814537,-188055209
s2qAOxOP_DY,223,0,0,534576890,202236147
zajaOfv0tGU,179,0,0,66641,1702882865
mKkLjJHwRec,359,0,0,1954892465,2029591154
DsemU6yb7hA,144,0,0,1570337761,-30077751
d9sDY3iZB0M,160,0,0,902047229,-1227519167
F1AgdpwdGkk,134,0,0,902047229,-63612841
3nMUgeVYVJQ,50,0,0,902047229,1635838260
bWcASV2sey0,285,0,0,-309287107,-725917889
aQzUaZGDJ80,221,0,0,-1358686383,-1432995971
dkM9GxaCow4,173,0,0,1120743026,301519282
fHI8X4OXluQ,204,0,0,-1766277255,-1759844048
-wkMd0f0lVM,141,0,0,1528664,855333503
fJ9rUzIMcZQ,360,0,0,-1766259871,1423729635
kd9TlGDZGkI,237,0,0,1407355824,247747694
cmSbXsFE3l8,262,0,0,-8817937,2112021
GTyN-DB_v5M,243,0,0,-674429747,-1055528544
1vrEljMfXYo,196,0,0,-350873301,1661867367
gy1B3agGNxw,265,0,0,-1023157607,-1825160561
pJGUn9w_l_Q,167,0,0,-1358686383,-2041386566
I8NrBEku5ms,170,0,0,802625384,-1659704726
cIYdfWFsMXw,209,0,0,1889193505,1545519931
I3Alq3OnXu8,118,0,0,902047229,-1047352742
whELOebSI9U,63,0,0,2529004,-501534418
nOCgjuu0xeA,25,0,0,75457073,-1556732536
LxBLzQox_3Q,709,0,0,564302911,-519783438
MEianU8A7tY,92,0,0,564302911,-394643746
kzC5W10czNc,117,0,0,564302911,-1695054047
1URlHG1AqIE,208,0,0,249710377,2103498040
VBL7nt36yTM,192,0,0,902047229,-665801030
zhRtE5nzVGI,90,0,0,564302911,-260560083
S1aCkD_JsWY,107,0,0,564302911,210140084
p-LOXXGGeAc,191,0,0,902047229,-1668876920
dgh1kiXSfXU,221,0,0,952685,-1083533955
SneCkM0bJq0,221,0,0,-350873301,1194398753
unTus4ukPB0,204,0,0,1849614853,-1214898951
VdQY7BusJNU,297,0,0,88187904,581419492
4G6QDNC4jPs,215,0,0,-770220842,892880691
Fpu5a0Bl8eY,235,0,0,2392490,1379812394
W8r-tXRLazs,202,0,0,82064344,-1191783772
7xZznxgK5d8,240,0,0,1763082854,1063460259
hPbvafrCKxw,164,0,0,1763082854,-1267299254
iB76_GCTjiM,275,0,0,1763082854,-2047997581
1Dq9n83_9bs,271,0,0,2021390317,909367123
HQnC1UHBvWA,218,0,0,1408086484,-572566331
HAIDqt2aUek,259,0,0,-1455777126,1363453373
DjRDYvQUfW4,279,0,0,1763082854,-118164937
0oOF3LWPX60,120,0,0,-1190148183,495228993
DutKTioIMsY,175,0,0,1763082854,582915846
axIC2arXNm0,255,0,0,904189078,-1236281088
XQsMmtC91b4,207,0,0,-775968605,944167735
8tUuU3fjTiA,183,0,0,-775968605,38027211
g1isQVgBHDQ,205,0,0,-775968605,1888859206
rZPkHI4oE5c,208,0,0,-775968605,-1358126514
LREYOaVUbLc,215,0,0,-775968605,-262555825
74S2RwVaynI,258,0,0,-775968605,1103168665
3H-ljfkVLYk,204,0,0,-775968605,-1188778322
dX5Fgs2nRVE,227,0,0,-775968605,-1180310971
4_14zuC1jL0,157,0,0,-775968605,434552313
tvQvpIy9JnA,207,0,0,2021390317,1556939738
PlYxzMcZZW8,197,0,0,-1455082720,2134940991
cNcy3J4x62M,244,0,0,-1188816950,-1513706540
4lXBHD5C8do,191,0,0,-1188816950,-1829998490
ux8-EbW6DUI,257,0,0,-1188816950,558229937
sg-41XjhH1A,180,0,0,740502378,-711472172
9iHM6X6uUH8,225,0,0,-1188816950,-1078208236
f2xGxd9xPYA,279,0,0,-1188816950,2083657620
7YZf9ENg1_M,349,0,0,1763082854,-494246462
lOfZLb33uCg,205,0,0,53116593,499306516
GRnyE2bX9Bc,306,0,0,-1302814956,862749663
HCxJ4gAt2cs,142,0,0,-1246909055,1591994607
qvH70pJFKps,220,0,0,-2128570794,1997267566
Lq2UrnDsI_s,183,0,0,-1188816950,-1689798475
_Iq4Cb9EXds,193,0,0,-1577528593,-2123646705
lM5IxG1qhl0,553,0,0,-1190099737,-1987492697
tCO4i2t-Aso,351,0,0,1343497775,-747143969
0MIK7bb69xk,208,0,0,-1246909055,-1106037339
3fJFuUb27bo,209,0,0,-1246909055,2040948810
1RiaSfzxS90,210,0,0,902047229,-1835126839
CX-Qr8iNqm0,197,0,0,-1246909055,90699949
Z0Uh3OJCx3o,179,0,0,453052150,1108314189
aaIjs8K3oYo,227,0,0,2429727,69609650
c1d3JkO3VCw,195,0,0,2429727,1587957572
qv5-RtpcdQQ,268,0,0,500874666,130008056
WP_33K0RRhw,167,0,0,500874666,979715063
tnvxml3xcKQ,187,0,0,500874666,1880281768
hFwXc5GSr2U,191,0,0,2021390317,-54598422
C5fLxtJH2Qs,224,0,0,-1188816950,214012392
8fSpEYQUNpQ,271,0,0,-1366370430,-1984479922
bdE_SyHad90,185,0,0,-1188816950,-2002998583
cxrGq55-cyE,295,0,0,2024104815,2014403552
KYwA5k00p2I,238,0,0,1503170503,-1891188304
Gs069dndIYk,216,0,0,1651191314,-1368956275
Dxk9yUAnbUI,229,0,0,500874666,1623232385
z7zoabFKD60,398,0,0,500874666,934325809
s96AuRcsH5c,122,0,0,-263828847,-593893181
MS43w913bcc,158,0,0,2146530045,-2066735650
V47PbVZwggo,227,0,0,619170888,-497715361
GsF05B8TFWg,204,0,0,-242681744,1616820288
uDpC5jzqhRo,166,0,0,619170888,1065799720
aUYUnS6bHE0,331,0,0,543991240,1560750768
Zg6tFYIBvIo,211,0,0,1513926751,-406995534
N_hmzLU1_cc,188,0,0,835115949,2641156
wQcdOqIXfWw,188,0,0,619170888,-75115011
cKh5o9Palhw,207,0,0,619170888,458025488
tcHJodG5hX8,223,0,0,-1188816950,1936529566
Tx1sqYc3qas,203,0,0,1700740644,636424610
YcRSfYmVW0U,229,0,0,500874666,1830885591
lcS2y_5zmuE,213,0,0,-1420052077,-584028150
hIaYzwf0A8A,199,0,0,-1135512365,1419088061
Ju8Nz2cmCp0,150,0,0,-1524208992,1468293319
tg00YEETFzg,276,0,0,-1429003503,-2057441224
vf5AMfIOqGw,222,0,0,-1246909055,-1719652624
FACg3b0NPok,158,0,0,877022112,1036218432
MiUjLJJligs,138,0,0,1013581547,-1348735866
ylqGPQUkyws,152,0,0,78603607,1582711912
ooPzr1vzmGY,262,0,0,78603607,-1605082706
8GW6sLrK40k,213,0,0,522113576,288193082
nFnNRYKeFWI,311,0,0,-1188816950,-1201538741
ReBDW-4mtyo,257,0,0,-1188816950,-260026603
hKqe5ljr4Js,216,0,0,-1070524088,319879201
hrhc7WF1VMM,184,0,0,-1700040197,-511447518
jMXo6u0Tm_8,275,0,0,-1700040197,239259808
_F0-q1jeReY,259,0,0,-1700040197,-386302810
2zfzEecNIbA,151,0,0,1763082854,1237442512
u1I9ITfzqFs,204,0,0,-1188816950,1575949786
geOGWGe0aB8,190,0,0,-1188816950,-801933833
y-f8pEX1Q1M,272,0,0,-300456163,-51076071
7HRDMK-ibTc,125,0,0,-1979166232,1639862373
tmSzRx9RYLk,152,0,0,-939717536,2069406468
RX7fZ5I709Y,253,0,0,-1188816950,1976080345
yJg-Y5byMMw,230,0,0,-1188816950,-1992178811
oqTHiUgCjDA,279,0,0,902047229,-1370387705
kKsQOYEALag,287,0,0,500874666,-565862964
j9Sj6n354fE,302,0,0,619170888,-1864916585
IdneKLhsWOQ,235,0,0,-921402410,594241588
CrxEUfiJKck,207,0,0,619170888,861037155
5NV6Rdv1a3I,249,0,0,-1709812873,1988690340
67BMThOAAy8,334,0,0,619170888,448515866
lG6HVrrXup8,248,0,0,-1188816950,549774965
yanwIwtlzEI,331,0,0,-333865828,936429282
yolbGaJD4AY,303,0,0,-333865828,1348790146
iP6ZABrm8Lo,247,0,0,764103721,1933450913
CRvbXDeGmZM,79,0,0,1215205587,-1831753382
RrDKoXWKMmY,210,0,0,-1766259871,594261884
uWL0UwFbkL8,211,0,0,2039723724,743607799
8t3SOvbgybA,221,0,0,904189078,1804275489
SZhozuVAnIo,267,0,0,904189078,1832877917
6CmGmMHg20M,234,0,0,904189078,1381283236
XymWRweTo5U,242,0,0,1345764059,-1425001846
mVyI-dzPawY,214,0,0,904189078,-1412909525
4ePqoHvUAhs,232,0,0,1139041153,1659204545
anNhaPXl6HQ,218,0,0,-1672247826,878179848
GwfiCyJ9EyQ,229,0,0,419889851,-893309183
41kQGoJX_8Q,237,0,0,78603607,1315006800
QogzNVZL1Gs,191,0,0,78603607,-1300234334
KBtk5FUeJbk,219,0,0,129654322,-1605371928
yHgrIcbnZbI,230,0,0,1665952981,52738778
0r3G5czZNd0,248,0,0,419889851,-2007327077
hcFYS6Kf-1o,193,0,0,419889851,916338093
8CYy9jNmpXM,188,0,0,2174758,1096599841
zJMrlVKlbTc,136,0,0,2174758,576991125
cQLzEErpang,241,0,0,65796690,-602635242
114rxHa0qzo,164,0,0,2174758,69605
dVHdUakiEo4,94,0,0,1939086588,180110493
fjyc9XTtC2Q,284,0,0,-20165919,-1316988477
yoHR8qwuqmY,304,0,0,-998897858,1950343801
whIcMwU2pzo,248,0,0,500874666,1294498197
HhjHYkPQ8F0,246,0,0,792904180,-630901723
Mw9U7FPaZho,167,0,0,-577597604,-1244661596
dhYOPzcsbGM,217,0,0,-1177523340,-1966795844
oH9i2oOQkP8,254,0,0,-1649758183,-2057876363
jeg_TJvkSjg,159,0,0,-1896347940,-899410500
rNYaw4EJpZo,167,0,0,-894670839,1052005808
6p-lDYPR2P8,286,0,0,-1803864830,574957275
_WIgis-xJKw,83,0,0,-197488160,731235802
5w-Id6g9Bd0,374,0,0,500874666,-161511885
HNxqxjIGKUY,125,0,0,564302911,989660356
HEXWRTEbj1I,241,0,0,1838281987,-987091489
tQwVKr8rCYw,211,0,0,-1189774023,103655907
bvWRMAU6V-c,222,0,0,-1189774023,-2085247116
UnIhRpIT7nc,252,0,0,-1007411042,1260962813
OEg0ASwOpOo,244,0,0,-1597885221,46730161
kqTW3kx8dG0,61,0,0,-1522073634,2062742527
RK0V-8qk7I4,99,0,0,-1570513418,736759928
g3zDhW03u6U,84,0,0,1032966545,384228895
4y6ntH2vvPI,295,0,0,500874666,1889245150
ZmeMUOX0Ezk,61,0,0,1248203384,-343435076
ZYAPgPH9hsI,303,0,0,-1597708609,1242338260
of4A5Cw7L7c,254,0,0,-2082290405,1703103766
M7em1xG3sY8,312,0,0,-1921394169,389471068
jhExvE5fvJw,153,0,0,1369092210,1368855824
BMvqvnyGtGo,119,0,0,248820386,2122825227
by4SYYWlhEs,262,0,0,-776993704,10609
I4SkO1U4lzE,146,0,0,500874666,-1036947093
YFMLHCMc91c,230,0,0,419889851,1540
rjOhZZyn30k,235,0,0,-1317349974,-1244525703
qrEIq0RnndI,164,0,0,-1793748222,1499947407
BK_bNVFpvQo,253,0,0,-1743708924,572458032
s36eQwgPNSE,238,0,0,894331754,2132533390
LMD5QFyTIEU,181,0,0,-788226311,-1703944574
_Ca12JSMN9E,197,0,0,-1316201621,-333290952
dSOnsTQktEI,189,0,0,-788226311,-837644532
u9n-6ZDGUBs,124,0,0,-1214607995,1833407625
802h7vcQNSk,133,0,0,-1214607995,-539369078
6H9MGTNVsig,194,0,0,564302911,1220287060
eZolyF3LP6Q,150,0,0,-1214607995,-2008408874
3e4JdcqnnjM,243,0,0,-842357041,-259755999
T3aFyD1pfaA,224,0,0,65796690,2080120488
JMX9o6JZIEE,95,0,0,-1871924505,-275791943
8jJJM_WYEx0,124,0,0,2011263813,-2084916699
69ewVbNIvvI,168,0,0,595708844,-319322892
9Hwr37ClHY8,179,0,0,83004,-369013941
X_XGxzMrq04,229,0,3,-1764510334,847735912
KF32DRg9opA,93,0,0,1739922070,-281650242
PEnJbjBuxnw,188,0,0,64841,-1770682092
VlVhUbGa2pg,208,0,0,64841,-2019842304
qR6dzwQahOM,184,0,0,-1592237673,-1316621822
58VyD_I5tcA,209,0,0,3006376,1721866844
CRjLbePQg1o,210,0,0,-404033517,1373379125
NevKVKbCNy4,175,0,0,2406607,469621632
yu4NXaEwQdA,221,0,0,953944237,59542599
OJBxNA8cX-E,263,0,0,-1188816950,909006652
zvq9r6R6QAY,179,0,0,-1505246381,134861286
_Fxil2QY0wE,287,0,0,-1764319414,1494690924
jK2aIUmmdP4,268,0,0,-1188816950,-864775183
gdVjVtpr55M,245,0,0,488906844,2036619000
zs1jGkQ1je4,158,0,0,916103867,-2039322265
0GQZvFJZEm0,64,0,0,-734786968,1522136557
PKmyT7oYWKM,196,0,0,-1218190589,-1401884723
FuydAVwgqKc,158,0,0,337323101,790114048
5LI5QZVUU98,224,0,0,-1188816950,1263737333
szGGTifHQUc,812,0,0,490873392,-322417262
Iof5pRAIZmw,246,0,0,-776211040,-619131543
989-7xsRLR4,250,0,0,82665459,880219992
_4gl-FX2RvI,443,0,0,-1730757760,-200823990
fq3abPnEEGE,55,0,0,-7612976,482746847
6hVDkAlCCvY,265,0,0,-833241388,1484223916
o0u4M6vppCI,208,0,0,1644973698,771906273
GQMlWwIXg3M,205,0,0,1277019647,230621867
qAeybdD5UoQ,170,0,0,1353688924,-538972279
iYGTbrYi914,98,0,0,-1395517563,3089136
2LOmFBBq4T0,176,0,0,-1748225971,827921681
U9t-slLl30E,237,0,0,-994637308,1379812394
7dyxeG5x-vY,273,0,0,-67211560,762336864
wuJIqmha2Hk,303,0,0,68744,-226806894
dX3k_QDnzHE,244,0,0,75784,1379812394
0T-if-Vj2Xs,146,0,0,-689227514,995740436
EIuLBrHija4,166,0,0,-788226311,-1499517218
OBwl2glmqC0,184,0,0,-1188816950,1053605716
fyrK7CCF5yU,96,0,0,1980571277,-540815053
8D5iyKXZcUQ,136,0,0,-1793877963,783977322
DuMqFknYHBs,301,0,0,-1495889068,816620355
wy9r2qeouiQ,209,0,0,-645578861,1259767053
am7inxlBqZI,238,0,0,1763082854,1834189706
TOG0mCgzsMY,219,0,0,2021390317,80998175
F0CaS4wuSzA,171,0,0,1763082854,-2044559469
hGtbr-ZvdT0,564,0,0,1499677823,-1733206320
xPfMb50dsOk,194,0,0,-1748225971,410775468
e-ORhEE9VVg,273,0,0,-921402410,-1707278598
K4DyBUG242c,208,0,0,-1188816950,206867792
4UfEnhnHGhI,171,0,0,2429727,727276087
w1o5sgoaEn8,277,0,0,-788226311,1346182349
p9QNldkFftU,138,0,0,-788226311,1468445481
vEKz-mpxyDs,155,0,0,-788226311,-827634777
hLKV5QzdDK8,188,0,0,-788226311,391174772
StH2UflpcC4,192,0,0,-788226311,559662201
zO2oC5khAqc,218,0,0,-788226311,-165637170
rwdM3MRAly4,360,0,0,-788226311,-1363712774
-gRFAGeor3U,235,0,0,500874666,266386907
7ya0fv1qx28,208,0,0,500874666,-899524864
s-oQ08lJvys,259,0,0,500874666,1758650221
QVh3eswewBs,368,0,0,500874666,510573242
3MwX5CHG6WE,226,0,0,500874666,1830020914
YZk-nMQ1DkU,172,0,0,500874666,749082407
NZj8xUB21Ck,237,0,0,500874666,594892353
urad_EveZ6E,316,0,0,500874666,1984649387
p6VoW20flHU,266,0,0,500874666,750367864
w0VvmB6ayBw,264,0,0,500874666,-1789864162
owdOTafPyKY,207,0,0,500874666,-919731769
UvXjzPPQkJ0,236,0,0,500874666,444881022
EgdMVSCyNy8,174,0,0,500874666,849912086
XT9gRj1d66s,236,0,0,500874666,1173243675
EdJkd_XpkFs,202,0,0,500874666,-1033878408
dhfsiLLvDUA,205,0,0,500874666,1272716022
GTlFcuq_iw0,255,0,0,500874666,378156489
OuaD4wQd-jg,177,0,0,500874666,1670475810
D22-W4TrIpA,217,0,0,500874666,-1629979852
PorE6bMsHuY,248,0,0,500874666,719564873
ecA8gTM9XPg,220,0,0,500874666,-657833516
QmYHUc5kd4o,172,0,0,500874666,-180013983
44eClZSTM9M,261,0,0,500874666,1792192327
l7sAbgj18Ig,249,0,0,500874666,1759486326
4SmwGOlDuqM,214,0,0,500874666,-1303599828
g9ATdSzw9nE,265,0,0,500874666,1581897532
-PILtAkBdrk,265,0,0,500874666,-826415584
_3ZcY3LPhyw,241,0,0,500874666,1050737265
4k59Ve_4xyY,244,0,0,500874666,778363234
-9oODi4hUMg,227,0,0,500874666,-537801651
rbUpNvivjaQ,327,0,0,500874666,2002582236
dNxxg3FM8Mc,164,0,0,65796690,-762514025
RKW6rjnYEkc,163,0,0,2174758,77118671
oKK8ball0Rg,134,0,0,-226222370,-344013682
Z0gO5Irss7A,168,0,0,65796690,-132091420
6DpNIql7uPk,200,0,0,2174758,2371914
uBWswnw_Ehk,223,0,0,1278643202,-646836403
GV5XUnvNXS0,261,0,0,65796690,-728087729
2R1uAL4sJxk,173,0,0,2174758,-1112221414
RsOICYx-Jpc,207,0,0,1278643202,88761
pBb9GS5tzBA,164,0,0,65796690,254179960
A6X9GeP54Nw,226,0,0,1394077955,269498034
pJwRo0SWoLE,173,0,0,65796690,-240007605
pjlEAoNzpk4,261,0,0,65796690,-263811601
zGl-npcJpEs,285,0,0,65796690,1957729381
ewrNwKLu_nE,272,0,0,-500084350,568025441
MQ7vI7cdYJY,105,0,0,-333865828,263673066
4W28wWWxKuQ,113,0,0,2587372,-1487003073
T7Wff9xaqjc,166,0,0,940103770,1988609377
FnXabH2q2A0,164,0,0,2099641,-697756903
TZULkgQPHt0,192,0,0,2099641,1498797924
PSvYfVGyQfw,193,0,0,2099641,113409892
w2vz6JVWiPY,141,0,0,-1698401627,1549464511
KDdvGZn6Gfs,185,0,0,2099641,2032955501
XoLouT7TqZY,211,0,0,493000414,-1498519765
gbDAVrJXtv8,166,0,0,-188727592,-1482189373
Pb6KyewC_Vg,153,0,0,-333865828,646157557
N9vDTYZpqXM,181,0,0,2099641,-1532820797
fLnF-QnR1Zw,185,0,0,2099641,845551088
afwK743PL2Y,261,0,0,-333865828,549059755
5Epc1Beme90,248,0,0,-1671255205,-2006213803
dtJE4j_RcjY,223,0,0,-436652099,1179174152
HeQGcCtk4bc,206,0,0,940103770,692406365
RaJ6Vf2w9hY,206,0,0,66041680,-475678040
OPBECnDBiRQ,207,-1,0,-283182654,661329201
BuPmq7yjDnI,269,0,0,493000414,1717789543
zZ1L9JD6l0g,278,0,0,-333865828,-1427373580
l6OsF7RlQb4,227,0,0,271740518,-1320309072
Z5RufkDHsdM,299,0,0,-333865828,1931651707
guBpnPY32s0,272,0,0,66041680,1403531997
KrhNNBsUd58,299,0,0,696546630,-1978246269
XhL7qUwjiX0,192,0,0,2020728578,107390823
SMhFTex19DU,738,0,0,2020728578,444103451
6lTOgVLZsbw,266,0,0,203468983,-798797370
H0s3Jf9u86k,212,0,0,1763082854,967355643
YTsCbgoyNPU,192,0,0,-1214607995,-1446350599
hrr68ViBpqE,267,0,0,-1214607995,-195038166
c-eCNAGUVQw,271,0,0,-1214607995,1290716756
_baCfeSkjOs,151,0,0,-1214607995,1000538014
RoGQVVXBbOA,196,0,0,-1214607995,373985756
7CJtN9ke8p0,236,0,0,-1214607995,-589669695
3xmwkzI8T40,271,0,0,-1214607995,-2056117074
TaZnmE_cJ90,245,0,0,-1214607995,-1193196471
edwooGpMg8g,253,0,0,-1214607995,1914481917
zYBhqgbelJ0,195,0,0,-1214607995,-1466695617
MhcD_CuFcOw,216,0,0,-1214607995,-135279287
qLSooDsUqQE,245,0,0,-1214607995,-1750300838
JEexIgFkMjI,206,0,0,-1660015220,-2139306181
b50Gb3bPNI8,277,0,0,-1660015220,-2143743000
VsN7E35LpJE,243,0,0,-1660015220,932165781
f-PRMB1SsHM,238,0,0,-1660015220,2033710866
jyvcg72-reA,246,0,0,-1660015220,-465511710
R8ALe-nVzd8,242,0,0,-1660015220,-1812961983
VgzTfdzj_Ho,200,0,0,-1660015220,-1465377359
cDlGFbBipCo,252,0,0,-1660015220,-1840253197
EJ09pSuA9hw,253,0,0,-1660015220,-1831583169
oQrIbBqV2Ew,328,0,0,-1660015220,1574733222
TGNJbrZnIJg,2788,0,0,-1660015220,1379812394
Ez-lX4YcohI,279,0,0,3311102,-550510847
vxIOUJ7by6U,208,0,0,-1660015220,-606311386
pRPOztxXWlQ,160,0,0,-1660015220,157427563
zutIG-QNm6c,237,0,0,-1660015220,-540066928
sf6LD2B_kDQ,247,0,0,-1660015220,87680590
0vJqrxGHooE,198,0,0,-1660015220,-887774471
JGCsyshUU-A,235,0,0,-1660015220,-576502989
inb8MMZ-QmA,206,0,0,-1660015220,1505194558
bqtKpLUd3Ng,280,0,0,-1660015220,835654451
0dfZ9BXaNyE,312,0,0,-1660015220,-744362292
mgUZPVh_l4A,288,0,0,-1660015220,-445282216
aHjpOzsQ9YI,300,0,0,-1660015220,1171057927
55_bV4ORRFM,279,0,0,-1660015220,1701812806
EiyPRqP5glY,239,0,0,-1660015220,2036173547
HZa1iFO0Juk,262,0,0,-1065110983,707173141
sRxrwjOtIag,613,0,0,648625464,-1541974642
ukvW7pccZJQ,60,0,0,637053025,1611514574
4xcuKEwCDWg,170,0,0,-1175877235,-1469627716
c5meFtluB9Y,172,0,0,-1660015220,-420502573
MOg8Cz9yfWg,197,0,0,-1660015220,483149199
FjgRMEAattA,169,0,0,637053025,1732081644
EKkzbbLYPuI,187,0,0,-1660015220,866628455
AuJnvC8voJY,150,0,0,-1660015220,1383523698
_oNpmSAvpGQ,196,0,0,989289435,-1021697104
mdkWFPrrZVQ,156,0,0,-1660015220,441801487
QmvwWxzg3lc,168,0,0,-1660015220,-192078707
eht-pRJcunU,205,0,0,637053025,531789941
jg4sZZaf3Gg,228,0,0,-1660015220,1251226005
YpRyJBoEiMg,236,0,0,-355982295,1948624174
XfTknZt2DHA,218,0,0,-1660015220,-2073811563
xyrnFRghCv4,169,0,0,-1660015220,-437732323
KtQb2axKpuw,314,0,0,-1877909663,-1767596394
3ke-sS8dPKk,247,0,0,1239582404,-1773308675
jLnL63cXmD8,307,0,0,-1285486694,-522970907
lrF814OnFQ4,199,0,0,-1660015220,1789715443
6-wEAeNcA_A,205,0,0,-1660015220,534354499
dQiNVk_u0po,237,0,0,-1660015220,-206137218
b3KUyPKbR7Q,249,0,0,-1660015220,-291328874
1A3i0GATnRI,259,0,0,-1660015220,179742868
-onQcF95pfs,278,0,0,-1660015220,-1053819073
aE2GCa-_nyU,265,0,0,-1176040790,1296496325
ar7brs0qOG8,231,0,0,-932288366,-1311393282
0g9poWKKpbU,267,0,0,-1660015220,1063069904
UQmlzOW-CLY,303,0,0,-1424520960,-1653441096
E5TsA6CHpII,280,0,0,-1660015220,1285831957
KA8a5qibUJU,250,0,0,-1660015220,-1762144535
X-AjhXhk19U,267,0,0,-1660015220,-73475261
0RkSy6ElNIY,172,0,0,-1660015220,1347980926
xwsYvBYZcx4,313,0,0,-195833804,77812002
TCL94-MsxYc,447,0,0,-1660015220,-353842546
qDsfou6UfjU,273,0,0,777258187,-662285847
kQb0DJZLhRM,176,0,0,-1660015220,-878882737
c7bRxdhUtWM,154,0,0,-1660015220,-195476281
_TFwieKKEpk,191,0,0,-1660015220,-1549748799
D-dwmYeLLng,235,0,0,-1660015220,-1275036150
9BQU_iXEn_o,173,0,0,-1660015220,-1651900877
cYKd1_a-w1Q,200,0,0,-1660015220,1844396148
IFsDAoCHYiQ,268,0,0,-1660015220,1273917989
IQy0A6jWtEY,227,0,0,-1660015220,-631702061
jvipPYFebWc,219,0,0,-1660015220,-1514769302
NVqVwk0rJ64,234,0,0,-1660015220,69606989
I8HKZEf_V-I,191,0,0,-1660015220,2590122
rFDMjGpPX9k,226,0,0,-1660015220,80843834
QAD0BtEv6-Q,309,0,0,-1660015220,-51681719
bJTRLbdX630,267,0,0,-1660015220,1840338233
1yUYvyAY954,242,0,0,-1660015220,-653358260
GGmz74HDDow,236,0,0,-1660015220,-135667432
Qg7L0OQiN78,292,0,0,-1660015220,-1975948942
49tpIMDy9BE,320,0,0,-1660015220,557739844
RrutzRWXkKs,300,0,0,-1660015220,-1498802766
5xO6AWFHVps,251,0,0,-1660015220,77382433
uCTWBHP6lV0,233,0,0,-1660015220,-1427663117
ScVWkYZkZFk,222,0,0,-1660015220,-862515354
ytMqO-WQpQ4,240,1,0,-1660015220,804010060
dLBZdLPIoRQ,273,0,0,-1660015220,-1553813028
O12g4oPSy-g,264,0,0,-1660015220,-1715466798
2i4BJFjCPlo,245,0,0,-1660015220,-742634336
zM8OlzfFIOQ,227,0,0,-1660015220,434086274
h7pWjVA11Zc,256,0,0,-1660015220,-1478726989
AlYVNyq2i_0,240,0,0,-1660015220,-323946101
pWn7PYm-W90,290,0,0,-1660015220,-1398225573
4MCjU-Du3eI,247,0,0,-1660015220,-215454120
11S5tcT2Tm0,285,0,0,-1660015220,-313007400
3YxaaGgTQYM,254,0,0,887292738,280871559
NyVYXRD1Ans,303,0,0,-1793215382,-1634437468
pSQk-4fddDI,270,0,0,-1793215382,-1884832092
BURBlSYPmBU,227,0,0,-1793215382,1885301750
Wk008ADh4iY,215,0,0,-1793215382,724424689
fKEMBn_JdCE,209,0,0,-1793215382,-207779453
wEJd2RyGm8Q,235,0,0,-1793215382,2014421403
gdjR2lvIfJ4,217,0,0,-1793215382,1802284315
He5NctQPXK8,235,0,0,-1793215382,-2062374039
515CCwsds14,81,0,0,-1793215382,320510105
iW2FUY3N-n0,350,0,0,-1793215382,-1882502342
d7gOtEwaJzw,217,0,0,-1793215382,-531531388
XwDTzD75fT4,231,0,0,-1793215382,-711561394
DGhPGH2YROA,209,0,0,-1660015220,-2129887857
lpiB2wMc49g,127,0,0,937906626,963442350
lp-EO5I60KA,297,0,0,-1668770871,-1411829388
9YJk3tTDSXA,242,0,0,-1188816950,1939912953
t4vLhL2jNH0,172,0,0,500874666,769896441
mk48xRzuNvA,234,0,0,-1882255462,1656190264
aUpRZuyznEE,354,0,0,-1076416920,1378945179
KQ0c7R3eHqE,228,0,0,734089938,36150933
eEB3d1Rdh8E,271,0,0,-1911993837,-545436694
X5mcY8ecs8I,282,1,0,63240058,2434124
BPNTC7uZYrI,251,0,0,-574387144,81875142
cLqlA8iHxMM,149,0,0,-1188816950,-175665159
sJXZ9Dok7u8,219,0,0,-461170754,945453062
g4hGRvs6HHU,217,0,0,-1923074621,80816604
vjexVOf-s2Y,182,0,0,-1150904649,94371667
kyLuzKbgXAs,162,0,0,-879977013,-131321827
JALbemLw3G4,208,0,0,1949813722,-992547960
6FNHe3kf8_s,166,0,0,-1188816950,-1133206343
HV7mLcsUp5U,191,0,0,-1188816950,1655297735
eEd77Sh6Rmo,252,0,0,-2103236425,-429371102
pEiz5naTrXk,233,0,0,2524282,1996489255
LHvYrn3FAgI,182,0,0,-1188816950,-683216989
CLiXUT3MS34,136,0,0,-1188816950,-401415182
13ARO0HDZsQ,192,0,0,-1188816950,-2128233513
0qwPgq7UJZk,151,0,0,-1398850140,643791367
vBGiFtb8Rpw,196,0,0,-1188816950,1018484984
Ep1PTvHlMwg,290,0,0,-1649312849,1379812394
HPg_auEBL1Y,273,0,0,1198139537,-880143768
B7h7c_L_Yp4,249,0,0,-918326053,-950926577
dDR1DFtik0E,185,0,0,764103721,611668044
ARXhBQ8hdlE,249,0,0,-10735617,-2036254855
smn0HOvwoZ8,292,0,0,-1870117707,1429512106
xkdPRcY0k4o,302,0,0,-918326053,-215428512
mSfH2AuhXfw,362,0,0,-918326053,-321399934
